Timestamp,Temperature,Humidity,AirQuality,PWater_pH,Soil_Moisture,Light_Level,Ecosystem_Type,Water_Temperature,Dissolved_Oxygen,Turbidity,Water_Conductivity,Salinity,Nitrate_Level,Phosphate_Level,Chlorophyll,Water_Depth,Sand_Temperature,Wind_Speed,UV_Index,Evaporation_Rate,Soil_Salinity,Drought_Index,Vegetation_Cover,Surface_Moisture
2025-11-15 11:10:23,31.31,61.6,40.92,7.82,34.19,880,Aquatic,22.04,6.53,4.75,323.72,16.26,1.56,0.49,1.89,5.69,,,,,,,,
2025-11-15 12:10:23,20.13,48.75,42.72,7.37,32.56,1095,Aquatic,21.9,6.3,4.89,265.3,13.66,2.67,0.7,0.98,12.8,,,,,,,,
2025-11-15 13:10:23,24.58,62.28,41.12,7.03,13.33,1108,Desert,,,,,,,,,,32.53,22.16,8.0,5.69,6.58,53.77,6.0,8.86
2025-11-15 14:10:23,20.89,66.36,41.05,6.39,14.86,480,Desert,,,,,,,,,,36.27,15.61,11.0,5.03,3.97,58.75,14.0,5.94
2025-11-15 15:10:23,20.29,69.37,27.98,6.97,24.63,244,Aquatic,27.39,8.5,4.21,198.92,10.99,1.1,0.56,2.86,8.01,,,,,,,,
2025-11-15 16:10:23,26.33,74.77,52.96,6.98,17.02,675,Aquatic,14.95,8.08,0.42,362.23,16.45,1.93,0.28,3.88,12.0,,,,,,,,
2025-11-15 17:10:23,26.7,54.41,43.04,6.91,12.5,298,Desert,,,,,,,,,,14.93,18.39,8.0,8.75,4.09,44.27,4.0,5.07
2025-11-15 18:10:23,31.66,53.29,45.07,7.05,15.11,197,Aquatic,18.48,6.01,4.29,345.37,13.14,2.15,0.25,4.11,6.95,,,,,,,,
2025-11-15 19:10:23,31.93,40.43,44.59,7.23,39.41,142,Desert,,,,,,,,,,30.74,27.99,9.0,4.82,4.28,75.63,17.0,2.16
2025-11-15 20:10:23,24.89,57.96,36.78,7.2,33.61,957,Desert,,,,,,,,,,34.11,11.3,6.0,5.27,6.06,70.49,19.0,4.45
2025-11-15 21:10:23,20.81,46.44,39.72,8.09,16.11,712,Aquatic,23.38,6.54,6.3,278.82,19.9,3.06,0.47,3.72,6.91,,,,,,,,
2025-11-15 22:10:23,41.0,32.35,24.37,6.49,23.54,535,Desert,,,,,,,,,,32.45,23.06,11.0,7.76,6.56,69.02,3.0,7.14
2025-11-15 23:10:23,35.74,68.08,43.59,6.2,25.64,743,Desert,,,,,,,,,,35.42,17.66,5.0,6.81,5.69,57.15,4.0,7.01
2025-11-16 00:10:23,24.47,60.77,43.78,7.17,21.99,553,Aquatic,17.95,5.49,4.85,346.64,10.05,2.21,0.34,3.63,8.08,,,,,,,,
2025-11-16 01:10:23,20.35,9.71,37.54,6.36,24.44,402,Aquatic,20.47,5.33,4.23,452.56,14.76,3.13,0.51,1.63,5.0,,,,,,,,
2025-11-16 02:10:23,22.88,22.02,19.8,6.87,39.02,447,Desert,,,,,,,,,,38.29,11.36,9.0,9.51,6.19,75.84,10.0,7.88
2025-11-16 03:10:23,26.4,46.74,56.49,6.93,19.5,137,Desert,,,,,,,,,,39.27,10.9,7.0,6.0,3.32,66.19,23.0,6.25
2025-11-16 04:10:23,30.66,29.86,38.36,6.57,18.39,1106,Aquatic,22.38,6.61,4.09,302.49,12.41,0.65,1.01,1.76,8.53,,,,,,,,
2025-11-16 05:10:23,29.85,68.55,40.2,7.37,24.29,103,Desert,,,,,,,,,,39.47,11.86,7.0,4.18,5.01,53.27,37.0,15.01
2025-11-16 06:10:23,27.18,52.84,36.7,7.29,19.14,1006,Aquatic,24.07,4.33,3.82,304.36,13.64,0.93,0.27,4.8,7.57,,,,,,,,
2025-11-16 07:10:23,23.76,58.7,33.28,7.04,21.02,690,Aquatic,21.53,7.43,4.02,339.79,16.86,2.2,0.35,2.25,4.44,,,,,,,,
2025-11-16 08:10:23,25.84,64.27,35.57,7.27,21.02,447,Aquatic,23.62,5.37,6.96,260.22,17.59,1.59,0.58,1.64,8.51,,,,,,,,
2025-11-16 09:10:23,23.45,70.34,27.07,7.41,16.46,419,Aquatic,19.13,7.43,4.23,273.95,15.63,2.24,0.78,1.28,10.79,,,,,,,,
2025-11-16 10:10:23,25.35,46.03,33.42,6.82,34.5,482,Aquatic,20.24,6.21,4.23,398.75,16.61,1.56,0.45,2.08,3.97,,,,,,,,
2025-11-16 11:10:23,24.48,59.62,65.21,7.27,19.15,497,Aquatic,19.29,6.52,3.53,299.13,18.44,0.39,0.63,1.68,9.28,,,,,,,,
2025-11-16 12:10:23,27.63,54.03,54.63,7.04,35.41,902,Desert,,,,,,,,,,42.58,7.19,11.0,6.28,3.52,58.72,27.0,6.08
2025-11-16 13:10:23,15.59,62.28,64.49,6.97,17.61,556,Aquatic,16.58,6.06,5.76,192.16,16.93,2.02,0.73,3.16,8.6,,,,,,,,
2025-11-16 14:10:23,23.27,58.62,32.99,6.74,17.07,1026,Aquatic,23.18,5.58,4.17,326.86,15.86,1.92,0.38,3.44,13.22,,,,,,,,
2025-11-16 15:10:23,23.54,71.72,17.73,7.84,26.6,461,Aquatic,22.66,5.91,4.26,335.51,19.98,3.15,0.34,1.85,3.66,,,,,,,,
2025-11-16 16:10:23,19.35,58.35,24.07,7.13,22.39,252,Desert,,,,,,,,,,40.23,24.14,4.0,8.27,5.51,67.69,30.0,6.51
2025-11-16 17:10:23,24.14,43.01,8.78,6.26,31.48,1128,Desert,,,,,,,,,,37.26,28.14,7.0,5.63,5.68,99.51,27.0,-0.62
2025-11-16 18:10:23,19.73,52.06,53.47,7.22,30.08,100,Desert,,,,,,,,,,28.85,22.7,5.0,8.98,6.12,46.59,32.0,6.38
2025-11-16 19:10:23,21.68,33.12,55.18,5.7,43.56,779,Desert,,,,,,,,,,38.54,16.38,10.0,3.07,3.49,69.06,13.0,2.99
2025-11-16 20:10:23,23.55,55.08,41.74,7.1,0.34,732,Desert,,,,,,,,,,17.43,10.45,10.0,5.85,5.56,56.46,8.0,10.78
2025-11-16 21:10:23,23.73,73.07,44.98,7.35,15.98,301,Desert,,,,,,,,,,44.97,14.35,5.0,10.12,6.08,69.68,11.0,4.66
2025-11-16 22:10:23,22.13,41.13,44.88,7.68,24.18,1033,Desert,,,,,,,,,,38.13,26.34,9.0,4.62,6.1,67.53,26.0,-0.2
2025-11-16 23:10:23,30.52,25.32,39.06,7.07,22.78,983,Desert,,,,,,,,,,23.94,18.49,6.0,4.65,6.94,86.37,9.0,5.74
2025-11-17 00:10:23,26.01,49.06,49.22,6.62,24.09,1192,Desert,,,,,,,,,,22.32,12.34,10.0,6.72,3.56,61.69,36.0,2.2
2025-11-17 01:10:23,26.61,42.63,28.26,7.93,45.79,415,Aquatic,23.63,6.43,3.27,269.79,15.37,1.74,0.36,0.77,10.44,,,,,,,,
2025-11-17 02:10:23,26.17,50.25,35.14,7.48,5.95,458,Aquatic,16.78,6.74,0.18,298.19,14.18,2.64,0.48,2.18,5.93,,,,,,,,
2025-11-17 03:10:23,21.66,41.33,38.68,7.61,30.12,769,Aquatic,27.04,6.24,0.65,168.71,13.54,1.91,0.27,1.85,3.54,,,,,,,,
2025-11-17 04:10:23,20.58,51.45,20.0,6.84,22.64,558,Desert,,,,,,,,,,36.75,14.84,6.0,7.8,6.6,32.53,6.0,1.23
2025-11-17 05:10:23,29.2,34.9,28.34,7.28,24.59,694,Aquatic,26.47,5.89,4.17,307.18,15.22,2.23,0.45,4.57,10.93,,,,,,,,
2025-11-17 06:10:23,23.23,73.72,45.69,6.09,33.45,659,Desert,,,,,,,,,,33.53,19.73,9.0,5.87,5.22,50.64,15.0,5.95
2025-11-17 07:10:23,16.14,46.85,44.6,7.21,24.04,701,Aquatic,27.69,5.42,6.53,290.87,15.24,-0.24,0.5,5.2,8.37,,,,,,,,
2025-11-17 08:10:23,14.01,58.04,10.8,5.92,31.04,1097,Aquatic,18.16,5.83,6.44,198.97,19.11,2.27,0.43,3.65,9.52,,,,,,,,
2025-11-17 09:10:23,26.11,61.76,51.44,6.46,35.19,132,Aquatic,24.53,6.8,6.88,304.56,20.76,2.59,0.43,3.2,5.21,,,,,,,,
2025-11-17 10:10:23,21.31,47.97,44.67,6.24,34.38,740,Aquatic,21.67,6.49,1.86,275.83,18.41,1.58,0.7,0.73,5.57,,,,,,,,
2025-11-17 11:10:23,24.66,57.12,49.69,7.54,9.14,896,Aquatic,19.93,7.15,5.18,307.19,16.63,1.55,0.59,3.58,8.75,,,,,,,,
2025-11-17 12:10:23,22.26,46.55,39.66,7.43,19.14,362,Desert,,,,,,,,,,28.82,14.08,10.0,6.66,3.16,53.31,26.0,5.71
2025-11-17 13:10:23,22.96,43.53,47.5,6.67,13.77,1010,Aquatic,21.14,5.63,9.0,298.4,13.39,1.18,0.43,2.45,5.13,,,,,,,,
2025-11-17 14:10:23,24.14,46.91,24.9,7.58,18.03,333,Aquatic,19.61,6.43,3.68,257.22,12.29,2.9,0.77,2.78,10.31,,,,,,,,
2025-11-17 15:10:23,18.76,57.66,37.86,7.01,22.89,467,Desert,,,,,,,,,,28.62,12.24,11.0,4.46,4.89,70.46,6.0,1.3
2025-11-17 16:10:23,24.91,31.15,27.65,5.98,41.62,352,Aquatic,19.48,5.08,5.23,226.05,18.73,3.0,0.64,4.17,8.55,,,,,,,,
2025-11-17 17:10:23,29.93,36.61,34.21,6.77,19.16,227,Aquatic,21.17,6.61,4.71,392.26,13.28,2.0,0.2,3.14,7.43,,,,,,,,
2025-11-17 18:10:23,28.48,38.17,54.52,6.11,21.99,792,Aquatic,21.71,5.68,5.29,293.39,19.28,2.11,0.54,1.36,5.57,,,,,,,,
2025-11-17 19:10:23,16.3,41.75,59.98,7.0,23.04,859,Aquatic,25.13,6.85,5.57,293.84,15.45,2.23,0.29,2.59,9.96,,,,,,,,
2025-11-17 20:10:23,18.29,67.76,40.85,7.15,36.8,879,Aquatic,21.56,6.07,5.42,322.75,14.71,0.95,0.21,2.78,7.68,,,,,,,,
2025-11-17 21:10:23,18.34,49.83,35.12,6.6,19.81,300,Aquatic,19.49,5.54,3.84,216.72,14.49,1.42,0.63,4.18,0.74,,,,,,,,
2025-11-17 22:10:23,23.76,45.68,49.81,7.37,28.16,903,Aquatic,24.14,4.92,4.24,291.29,10.79,2.81,0.54,3.78,8.98,,,,,,,,
2025-11-17 23:10:23,29.27,52.48,45.95,7.49,31.2,1156,Aquatic,20.72,7.18,9.73,278.51,13.87,1.56,0.6,3.75,5.7,,,,,,,,
2025-11-18 00:10:23,26.61,66.31,63.47,6.52,29.13,724,Aquatic,18.88,5.89,3.88,421.74,17.69,1.36,0.51,1.95,7.62,,,,,,,,
2025-11-18 01:10:23,16.23,39.02,48.01,7.25,7.67,292,Aquatic,18.15,5.07,6.14,379.0,17.2,2.27,0.55,4.27,13.95,,,,,,,,
2025-11-18 02:10:23,25.27,65.76,12.33,6.92,13.58,367,Aquatic,27.19,4.45,3.14,402.4,15.58,3.0,0.49,6.4,9.03,,,,,,,,
2025-11-18 03:10:23,29.04,15.2,41.15,6.83,29.91,567,Aquatic,21.49,4.7,1.71,294.54,17.18,2.0,0.47,1.39,1.93,,,,,,,,
2025-11-18 04:10:23,22.75,36.97,36.56,7.81,9.67,1157,Aquatic,26.74,5.54,6.94,300.92,15.59,1.85,0.52,1.83,6.75,,,,,,,,
2025-11-18 05:10:23,34.52,72.61,30.79,6.61,22.35,383,Aquatic,18.83,7.2,5.56,355.53,16.33,2.02,0.96,3.17,4.67,,,,,,,,
2025-11-18 06:10:23,21.74,73.84,42.07,6.79,11.75,391,Aquatic,18.59,5.02,7.82,250.49,22.39,2.34,0.3,4.28,10.96,,,,,,,,
2025-11-18 07:10:23,30.86,53.34,41.13,6.93,27.44,101,Desert,,,,,,,,,,20.8,11.32,7.0,11.03,6.04,60.67,24.0,8.42
2025-11-18 08:10:23,36.76,44.04,36.19,7.25,23.74,439,Aquatic,21.04,6.16,5.72,385.91,9.88,2.29,0.32,3.21,9.69,,,,,,,,
2025-11-18 09:10:23,18.62,62.91,58.51,7.35,11.27,854,Desert,,,,,,,,,,31.53,13.45,9.0,11.72,5.25,62.1,28.0,3.19
2025-11-18 10:10:23,23.38,44.32,44.92,6.5,22.0,945,Aquatic,21.12,4.64,9.11,320.17,12.9,2.77,0.61,1.76,6.97,,,,,,,,
2025-11-18 11:10:23,27.87,73.84,45.3,7.65,15.28,217,Desert,,,,,,,,,,27.84,20.05,8.0,7.19,7.38,123.73,20.0,8.2
2025-11-18 12:10:23,41.06,68.37,42.34,7.88,19.44,186,Desert,,,,,,,,,,40.03,0.64,9.0,3.61,6.46,53.1,36.0,-3.14
2025-11-18 13:10:23,16.06,62.14,55.06,7.97,34.35,871,Aquatic,18.11,7.05,6.73,263.15,15.04,3.46,0.46,4.04,2.55,,,,,,,,
2025-11-18 14:10:23,27.83,37.86,27.08,7.05,26.33,644,Desert,,,,,,,,,,36.15,11.12,4.0,8.11,5.99,50.28,24.0,6.64
2025-11-18 15:10:23,26.42,65.26,54.94,6.72,26.8,111,Aquatic,18.53,4.21,6.6,310.94,16.95,1.97,0.88,2.58,7.97,,,,,,,,
2025-11-18 16:10:23,22.89,46.86,37.59,6.44,36.66,666,Aquatic,29.79,7.79,6.31,235.67,12.17,3.19,0.64,1.28,8.13,,,,,,,,
2025-11-18 17:10:23,20.83,47.12,58.28,7.14,24.88,889,Desert,,,,,,,,,,30.27,24.38,7.0,3.19,5.77,53.21,17.0,5.05
2025-11-18 18:10:23,22.37,44.3,57.5,6.93,34.81,1156,Desert,,,,,,,,,,37.13,25.36,11.0,5.98,3.47,79.17,13.0,0.56
2025-11-18 19:10:23,23.48,48.89,46.42,6.94,27.27,261,Desert,,,,,,,,,,30.66,19.04,4.0,7.85,6.98,85.92,21.0,5.62
2025-11-18 20:10:23,18.65,58.23,35.0,6.66,26.23,201,Aquatic,22.88,5.14,2.42,229.55,12.61,2.05,0.67,2.25,6.83,,,,,,,,
2025-11-18 21:10:23,32.88,63.47,43.82,5.87,21.02,950,Aquatic,19.87,7.04,6.03,420.24,16.72,1.11,0.26,1.99,2.58,,,,,,,,
2025-11-18 22:10:23,19.46,63.51,44.69,6.83,17.17,732,Desert,,,,,,,,,,36.91,13.57,7.0,4.99,5.55,72.06,9.0,7.4
2025-11-18 23:10:23,22.86,101.93,22.94,6.88,15.53,1127,Aquatic,19.24,7.19,7.39,314.06,15.34,2.27,0.64,2.24,12.48,,,,,,,,
2025-11-19 00:10:23,21.69,45.66,36.55,6.79,16.37,1173,Desert,,,,,,,,,,37.88,18.24,5.0,8.28,7.1,69.09,35.0,4.01
2025-11-19 01:10:23,22.93,68.31,32.07,6.26,28.3,304,Aquatic,21.93,6.53,7.8,383.6,12.73,1.34,0.69,3.21,9.43,,,,,,,,
2025-11-19 02:10:23,25.46,40.89,56.9,6.83,27.38,480,Desert,,,,,,,,,,39.02,34.3,10.0,6.66,5.03,47.54,10.0,6.39
2025-11-19 03:10:23,21.21,47.97,60.84,6.9,17.15,153,Aquatic,19.96,5.29,3.9,369.12,16.42,1.6,0.57,3.1,3.82,,,,,,,,
2025-11-19 04:10:23,23.82,33.39,31.74,6.41,34.1,880,Aquatic,19.84,7.26,4.8,398.82,13.66,2.43,0.49,3.21,10.61,,,,,,,,
2025-11-19 05:10:23,33.62,69.18,34.13,7.29,18.81,696,Aquatic,20.16,4.45,6.83,217.84,13.78,2.33,0.47,1.38,9.28,,,,,,,,
2025-11-19 06:10:23,30.28,54.88,24.63,6.95,20.83,1178,Aquatic,20.95,8.42,4.21,408.67,18.03,2.58,0.59,1.67,8.07,,,,,,,,
2025-11-19 07:10:23,23.56,52.95,43.58,7.04,12.77,612,Desert,,,,,,,,,,40.68,13.04,8.0,6.8,3.06,78.63,28.0,7.53
2025-11-19 08:10:23,29.54,49.24,50.16,7.17,17.18,916,Desert,,,,,,,,,,37.99,19.19,10.0,7.57,2.7,54.54,39.0,5.01
2025-11-19 09:10:23,21.16,64.93,61.92,6.85,31.19,846,Aquatic,15.02,6.66,6.05,158.77,11.73,2.25,0.55,4.3,7.16,,,,,,,,
2025-11-19 10:10:23,26.13,43.54,25.05,6.93,27.66,300,Aquatic,21.69,5.68,7.87,416.13,11.36,2.12,0.56,2.88,5.27,,,,,,,,
2025-11-19 11:10:23,17.86,57.09,51.57,7.24,18.88,558,Aquatic,23.55,5.74,6.27,317.27,16.97,2.04,0.33,1.91,2.84,,,,,,,,
2025-11-19 12:10:23,19.28,89.03,38.65,7.35,34.17,370,Desert,,,,,,,,,,33.45,19.21,8.0,8.73,7.28,46.43,8.0,3.67
2025-11-19 13:10:23,20.67,48.95,31.81,7.42,23.54,463,Aquatic,26.02,6.63,5.04,226.41,14.94,0.73,0.46,2.69,13.46,,,,,,,,
2025-11-19 14:10:23,31.19,41.7,36.26,6.88,24.71,731,Aquatic,19.47,6.12,9.08,334.92,14.44,1.57,0.17,3.64,13.8,,,,,,,,
2025-11-19 15:10:23,26.15,35.88,31.27,7.36,32.71,480,Aquatic,21.9,5.8,9.76,332.76,15.45,1.86,0.55,2.78,6.48,,,,,,,,
2025-11-19 16:10:23,27.74,63.4,45.75,7.55,27.85,117,Aquatic,25.33,5.06,4.12,388.71,16.01,1.46,0.45,3.63,8.76,,,,,,,,
2025-11-19 17:10:23,25.76,52.18,40.4,6.27,21.38,210,Desert,,,,,,,,,,32.85,19.21,6.0,5.24,4.36,51.76,26.0,8.08
2025-11-19 18:10:23,26.83,39.83,54.6,6.77,15.46,1081,Aquatic,19.39,5.88,5.16,166.85,13.04,2.69,0.51,3.67,5.23,,,,,,,,
2025-11-19 19:10:23,27.1,38.64,34.06,6.96,34.61,526,Desert,,,,,,,,,,32.09,9.0,4.0,6.74,6.98,87.15,35.0,2.04
2025-11-19 20:10:23,28.83,51.64,18.0,6.98,4.86,571,Aquatic,20.59,5.22,4.79,237.74,15.06,3.22,0.36,1.82,4.09,,,,,,,,
2025-11-19 21:10:23,25.81,36.11,28.52,7.87,19.02,242,Desert,,,,,,,,,,30.35,20.65,5.0,5.12,4.99,64.67,24.0,6.06
2025-11-19 22:10:23,20.42,82.82,44.46,7.57,9.82,1031,Aquatic,24.15,6.59,2.82,288.01,20.74,0.41,0.35,5.08,6.38,,,,,,,,
2025-11-19 23:10:23,21.05,48.31,22.71,6.91,19.29,819,Aquatic,21.14,5.47,4.39,310.19,10.76,2.48,-0.01,4.09,7.18,,,,,,,,
2025-11-20 00:10:23,31.07,48.52,31.37,6.92,31.0,200,Aquatic,23.42,3.26,5.43,374.59,18.11,1.78,0.56,5.05,8.16,,,,,,,,
2025-11-20 01:10:23,32.06,49.83,46.76,6.28,21.36,650,Aquatic,27.1,6.45,7.45,399.6,10.05,1.26,0.29,3.64,5.7,,,,,,,,
2025-11-20 02:10:23,27.8,23.9,23.94,6.49,20.61,984,Aquatic,25.26,6.79,6.51,301.12,17.87,2.36,0.32,2.47,15.91,,,,,,,,
2025-11-20 03:10:23,16.78,29.36,50.43,7.65,23.68,198,Desert,,,,,,,,,,42.19,25.21,5.0,8.18,5.09,87.75,20.0,7.56
2025-11-20 04:10:23,32.88,45.76,44.39,6.12,40.09,628,Desert,,,,,,,,,,26.98,13.39,5.0,7.12,5.44,60.3,30.0,6.55
2025-11-20 05:10:23,26.61,50.85,33.35,7.29,35.3,1012,Aquatic,20.05,6.94,2.4,284.65,15.46,2.05,0.66,3.0,2.17,,,,,,,,
2025-11-20 06:10:23,24.63,32.56,39.81,6.63,25.96,307,Desert,,,,,,,,,,40.93,24.16,10.0,4.89,4.68,73.08,37.0,7.54
2025-11-20 07:10:23,25.1,76.78,34.35,6.83,18.87,971,Aquatic,24.96,5.66,5.56,287.41,12.67,2.35,0.29,2.09,7.82,,,,,,,,
2025-11-20 08:10:23,23.14,58.11,35.58,6.93,20.87,857,Desert,,,,,,,,,,31.4,22.45,7.0,7.44,5.61,51.16,31.0,5.7
2025-11-20 09:10:23,33.79,70.71,36.4,7.9,26.89,698,Desert,,,,,,,,,,29.88,24.31,11.0,5.2,4.87,55.74,4.0,7.48
2025-11-20 10:10:23,33.41,68.89,40.53,7.15,22.18,658,Aquatic,26.7,6.99,6.45,328.55,15.42,2.47,0.36,1.07,13.2,,,,,,,,
2025-11-20 11:10:23,19.68,47.86,39.23,7.24,23.14,1183,Aquatic,17.01,6.01,5.16,325.66,13.24,2.62,0.11,4.08,11.88,,,,,,,,
2025-11-20 12:10:23,24.05,87.96,31.4,7.49,15.64,834,Aquatic,22.91,6.47,4.78,315.24,19.02,1.79,0.65,3.33,6.85,,,,,,,,
2025-11-20 13:10:23,26.52,53.1,28.58,5.88,13.06,620,Aquatic,18.82,6.79,3.37,287.47,9.45,1.17,0.39,3.47,18.79,,,,,,,,
2025-11-20 14:10:23,31.38,22.83,65.05,7.92,15.21,493,Desert,,,,,,,,,,32.3,14.92,9.0,5.59,4.48,60.56,20.0,3.76
2025-11-20 15:10:23,12.85,16.05,27.13,6.15,26.08,103,Aquatic,23.42,5.71,6.18,192.46,10.49,2.05,0.65,4.55,6.0,,,,,,,,
2025-11-20 16:10:23,29.65,51.29,38.47,6.63,16.65,562,Aquatic,18.84,5.8,9.81,287.37,19.21,2.13,0.93,3.68,5.92,,,,,,,,
2025-11-20 17:10:23,33.34,64.38,54.63,7.33,44.8,1081,Desert,,,,,,,,,,31.21,13.26,6.0,8.61,6.57,67.99,0.0,3.15
2025-11-20 18:10:23,23.33,52.32,52.14,6.37,28.76,897,Aquatic,20.61,5.56,5.79,266.14,12.7,0.92,0.81,3.15,8.23,,,,,,,,
2025-11-20 19:10:23,24.74,77.39,31.6,6.11,29.58,197,Aquatic,22.48,6.13,11.66,288.83,12.71,1.63,0.22,3.82,6.92,,,,,,,,
2025-11-20 20:10:23,31.22,46.75,64.27,7.57,32.41,743,Aquatic,20.65,4.57,5.51,353.62,13.95,2.95,0.53,2.61,6.55,,,,,,,,
2025-11-20 21:10:23,26.84,59.77,61.4,6.83,15.84,477,Desert,,,,,,,,,,39.59,27.55,10.0,6.06,3.22,81.86,38.0,2.92
2025-11-20 22:10:23,18.27,62.33,36.52,7.46,14.82,427,Desert,,,,,,,,,,26.71,21.34,4.0,7.58,1.42,78.74,27.0,6.5
2025-11-20 23:10:23,19.09,35.75,25.5,7.23,22.52,682,Desert,,,,,,,,,,31.28,19.45,7.0,9.21,5.01,53.02,19.0,7.26
2025-11-21 00:10:23,19.77,55.88,47.83,6.89,29.24,830,Aquatic,17.46,7.8,1.45,314.49,16.17,2.61,0.35,3.27,6.68,,,,,,,,
2025-11-21 01:10:23,17.84,56.75,38.11,7.84,28.96,182,Desert,,,,,,,,,,35.52,2.68,11.0,8.79,5.35,58.43,23.0,10.46
2025-11-21 02:10:23,24.9,67.74,36.79,6.86,37.89,796,Aquatic,28.38,6.27,1.72,293.22,19.48,1.67,0.39,1.98,12.17,,,,,,,,
2025-11-21 03:10:23,22.33,69.48,30.62,8.0,35.93,119,Desert,,,,,,,,,,28.18,24.0,4.0,9.11,5.03,48.22,3.0,7.16
2025-11-21 04:10:23,25.13,66.08,33.13,6.55,33.17,267,Desert,,,,,,,,,,35.02,17.98,11.0,9.48,5.02,38.09,18.0,1.48
2025-11-21 05:10:23,28.46,39.79,42.24,6.49,33.93,844,Desert,,,,,,,,,,35.75,22.65,7.0,6.24,3.43,65.41,19.0,5.84
2025-11-21 06:10:23,33.87,62.29,51.04,6.65,26.98,739,Desert,,,,,,,,,,41.23,17.66,7.0,7.59,7.97,57.17,38.0,6.32
2025-11-21 07:10:23,26.01,67.36,15.51,7.11,31.83,591,Aquatic,18.41,6.46,4.22,296.62,16.74,0.91,0.48,4.03,8.55,,,,,,,,
2025-11-21 08:10:23,15.6,51.76,11.86,6.43,22.69,102,Aquatic,22.68,3.42,3.43,306.02,19.97,2.27,0.45,2.64,12.1,,,,,,,,
2025-11-21 09:10:23,31.89,62.51,51.82,6.65,21.61,629,Desert,,,,,,,,,,31.05,21.19,8.0,6.09,5.92,51.02,31.0,5.12
2025-11-21 10:10:23,24.33,62.78,30.17,7.72,32.69,1122,Desert,,,,,,,,,,41.46,12.65,5.0,6.03,6.09,65.45,3.0,12.58
2025-11-21 11:10:23,30.76,69.0,48.54,7.09,11.73,1022,Aquatic,24.67,6.01,3.66,302.11,16.76,0.42,0.49,3.0,10.02,,,,,,,,
2025-11-21 12:10:23,22.67,52.34,41.57,7.58,36.5,961,Aquatic,17.42,4.24,2.42,224.38,19.88,3.13,0.5,3.46,5.85,,,,,,,,
2025-11-21 13:10:23,26.44,58.35,55.2,7.18,40.26,569,Desert,,,,,,,,,,21.79,25.23,9.0,5.08,5.54,72.04,33.0,9.02
2025-11-21 14:10:23,24.24,54.14,51.16,6.71,21.35,763,Aquatic,21.28,5.06,5.33,299.05,15.11,2.52,0.7,2.06,2.6,,,,,,,,
2025-11-21 15:10:23,24.79,52.16,36.97,6.62,31.43,1161,Aquatic,19.06,6.91,1.92,216.61,10.59,1.22,0.57,2.84,7.78,,,,,,,,
2025-11-21 16:10:23,31.31,41.91,38.35,7.09,26.77,1122,Desert,,,,,,,,,,24.08,12.17,6.0,5.64,4.73,68.4,5.0,10.53
2025-11-21 17:10:23,21.64,46.11,44.11,7.04,17.52,1131,Desert,,,,,,,,,,31.2,19.07,9.0,6.53,3.74,53.83,15.0,10.47
2025-11-21 18:10:23,25.74,34.28,49.18,6.74,28.47,283,Desert,,,,,,,,,,45.77,5.03,4.0,8.56,4.49,56.1,14.0,6.84
2025-11-21 19:10:23,26.02,48.15,32.78,6.72,29.82,1106,Aquatic,21.19,5.58,3.63,195.08,10.61,2.51,0.76,5.91,1.99,,,,,,,,
2025-11-21 20:10:23,22.97,61.44,22.13,7.73,33.75,929,Aquatic,27.57,6.46,3.04,398.0,9.6,0.55,0.68,3.55,7.82,,,,,,,,
2025-11-21 21:10:23,13.89,60.39,41.51,7.52,22.91,789,Desert,,,,,,,,,,38.62,24.63,7.0,7.13,6.75,71.87,9.0,7.9
2025-11-21 22:10:23,26.66,62.32,39.76,7.15,26.74,462,Aquatic,25.25,4.73,4.19,316.45,14.45,2.06,0.48,3.41,6.89,,,,,,,,
2025-11-21 23:10:23,10.7,49.4,38.41,6.83,20.68,1183,Aquatic,18.19,5.21,-0.23,275.83,15.89,1.75,0.67,4.05,11.02,,,,,,,,
2025-11-22 00:10:23,17.38,71.95,28.33,6.79,33.76,663,Aquatic,20.81,5.2,7.3,246.09,18.64,2.12,0.67,3.22,8.37,,,,,,,,
2025-11-22 01:10:23,22.61,44.2,47.53,8.0,24.82,686,Aquatic,25.47,7.35,5.41,204.76,13.09,2.37,0.49,3.73,12.9,,,,,,,,
2025-11-22 02:10:23,27.06,62.57,19.62,6.7,32.61,1080,Desert,,,,,,,,,,37.92,14.48,9.0,3.27,3.56,72.54,0.0,5.88
2025-11-22 03:10:23,29.23,57.32,34.5,8.16,20.18,751,Desert,,,,,,,,,,31.07,9.48,5.0,8.53,2.3,78.47,26.0,10.59
2025-11-22 04:10:23,29.06,39.86,55.76,6.67,26.61,326,Desert,,,,,,,,,,24.2,20.48,4.0,8.46,7.95,47.44,7.0,9.81
2025-11-22 05:10:23,27.9,40.48,27.01,6.26,18.37,885,Desert,,,,,,,,,,41.3,12.88,11.0,7.85,5.92,60.97,19.0,5.79
2025-11-22 06:10:23,23.09,62.26,45.27,8.01,19.64,416,Desert,,,,,,,,,,37.57,20.94,4.0,9.2,1.85,53.06,29.0,6.2
2025-11-22 07:10:23,31.0,51.62,45.7,6.95,34.62,833,Desert,,,,,,,,,,28.65,12.27,10.0,11.18,7.59,86.78,32.0,4.84
2025-11-22 08:10:23,23.58,55.13,45.42,7.76,24.15,494,Aquatic,17.68,7.86,7.75,270.58,13.39,1.98,0.27,1.34,11.12,,,,,,,,
2025-11-22 09:10:23,30.54,97.18,20.27,7.22,24.95,499,Desert,,,,,,,,,,31.46,31.53,8.0,6.67,6.62,96.78,22.0,5.62
2025-11-22 10:10:23,13.72,59.56,52.4,6.88,31.55,827,Desert,,,,,,,,,,32.31,21.66,11.0,8.57,4.98,70.45,25.0,8.59
2025-11-22 11:10:23,20.14,52.89,42.04,7.47,19.09,340,Desert,,,,,,,,,,33.31,25.35,4.0,6.47,4.18,55.63,24.0,5.5
2025-11-22 12:10:23,22.04,62.12,46.23,6.86,41.33,633,Desert,,,,,,,,,,34.24,16.45,5.0,6.71,6.43,81.92,32.0,2.25
2025-11-22 13:10:23,24.91,42.09,43.99,7.22,19.38,116,Desert,,,,,,,,,,34.34,17.79,9.0,9.13,4.63,89.25,31.0,6.1
2025-11-22 14:10:23,12.94,48.47,41.06,6.93,22.47,839,Desert,,,,,,,,,,30.96,17.95,7.0,7.98,1.43,61.57,19.0,2.95
2025-11-22 15:10:23,29.0,57.78,54.94,6.12,43.23,1149,Desert,,,,,,,,,,46.55,29.89,5.0,4.17,6.0,55.7,27.0,6.27
2025-11-22 16:10:23,29.88,38.87,57.55,7.2,11.76,526,Desert,,,,,,,,,,32.69,22.08,5.0,9.86,5.02,63.29,18.0,8.14
2025-11-22 17:10:23,28.87,50.66,18.09,6.74,39.89,754,Aquatic,28.59,6.5,8.56,301.43,15.33,2.19,0.56,3.55,11.25,,,,,,,,
2025-11-22 18:10:23,22.33,48.35,31.03,6.93,28.77,1188,Aquatic,18.35,5.78,4.32,270.98,18.58,3.2,0.3,2.76,2.78,,,,,,,,
2025-11-22 19:10:23,32.21,52.76,38.35,7.21,29.78,648,Aquatic,21.75,6.04,6.15,299.54,16.75,0.91,0.63,0.93,7.96,,,,,,,,
2025-11-22 20:10:23,22.18,24.65,14.38,6.29,17.14,213,Desert,,,,,,,,,,36.96,24.41,5.0,3.58,7.43,55.57,12.0,-1.6
2025-11-22 21:10:23,29.47,77.7,57.89,7.27,27.0,319,Aquatic,29.13,5.79,3.82,103.15,24.25,-0.22,0.49,3.15,7.05,,,,,,,,
2025-11-22 22:10:23,24.63,49.83,31.09,7.29,15.38,649,Desert,,,,,,,,,,40.49,18.47,11.0,8.29,5.62,66.25,30.0,5.37
2025-11-22 23:10:23,24.83,59.38,47.11,7.96,33.65,846,Aquatic,26.13,7.65,4.42,279.37,11.0,3.49,0.72,2.27,7.38,,,,,,,,
2025-11-23 00:10:23,24.15,35.62,42.98,7.41,23.58,170,Aquatic,23.96,6.51,4.93,297.86,16.08,1.34,0.44,4.88,6.92,,,,,,,,
2025-11-23 01:10:23,24.82,31.57,37.78,7.17,20.28,1118,Aquatic,23.84,5.97,5.62,338.98,15.88,2.21,0.48,2.98,8.55,,,,,,,,
2025-11-23 02:10:23,30.49,51.54,28.32,6.68,21.6,635,Desert,,,,,,,,,,33.29,30.05,10.0,8.36,2.21,60.6,34.0,6.22
2025-11-23 03:10:23,32.13,46.32,36.06,6.99,24.26,455,Aquatic,16.98,6.56,1.46,223.82,16.08,1.45,0.29,0.72,7.98,,,,,,,,
2025-11-23 04:10:23,32.07,60.9,41.48,6.3,33.37,789,Aquatic,22.35,4.22,5.04,345.4,13.17,2.13,0.27,2.56,9.9,,,,,,,,
2025-11-23 05:10:23,29.47,37.32,49.79,7.2,28.44,773,Desert,,,,,,,,,,31.69,8.41,6.0,4.54,5.36,33.1,3.0,-0.47
2025-11-23 06:10:23,28.27,36.4,37.96,6.9,19.28,411,Desert,,,,,,,,,,36.47,17.79,6.0,8.84,5.57,44.13,17.0,7.03
2025-11-23 07:10:23,27.19,56.16,35.67,6.81,18.41,437,Aquatic,18.34,5.04,7.2,254.18,13.96,2.01,0.85,3.91,11.63,,,,,,,,
2025-11-23 08:10:23,33.73,61.64,37.44,7.0,17.11,388,Aquatic,26.32,4.17,4.67,287.62,16.15,2.6,0.54,2.85,13.08,,,,,,,,
2025-11-23 09:10:23,22.71,64.99,56.0,7.22,31.82,156,Desert,,,,,,,,,,34.52,9.54,10.0,6.59,7.05,78.39,37.0,9.82
2025-11-23 10:10:23,21.75,50.71,43.89,7.12,29.28,178,Aquatic,30.18,5.37,3.29,390.68,8.93,1.97,0.45,2.93,11.56,,,,,,,,
2025-11-23 11:10:23,25.16,55.1,32.35,6.41,16.42,633,Desert,,,,,,,,,,24.49,16.81,4.0,3.39,3.72,79.33,12.0,3.79
2025-11-23 12:10:23,16.57,39.24,25.33,7.65,12.26,923,Desert,,,,,,,,,,39.08,16.38,5.0,7.19,3.09,69.4,37.0,6.68
2025-11-23 13:10:23,23.74,70.9,35.51,7.01,24.87,836,Aquatic,24.23,5.47,4.06,185.51,16.74,2.35,0.49,1.08,8.32,,,,,,,,
2025-11-23 14:10:23,24.63,68.25,29.51,7.16,20.67,791,Aquatic,20.89,6.3,4.83,312.28,13.56,2.28,0.1,0.43,4.76,,,,,,,,
2025-11-23 15:10:23,19.78,67.77,35.39,6.99,29.55,1093,Aquatic,18.89,6.29,6.14,280.27,14.76,0.71,0.29,5.23,5.27,,,,,,,,
2025-11-23 16:10:23,22.04,27.1,56.67,6.52,24.32,482,Aquatic,20.23,5.56,4.33,355.89,12.11,1.85,0.51,0.99,5.02,,,,,,,,
2025-11-23 17:10:23,28.4,64.33,48.7,7.12,28.28,814,Desert,,,,,,,,,,30.9,32.11,11.0,7.68,3.19,65.15,21.0,8.08
2025-11-23 18:10:23,23.77,40.18,43.15,6.8,31.76,186,Aquatic,20.42,7.13,6.06,432.73,13.04,3.22,0.58,3.73,6.09,,,,,,,,
2025-11-23 19:10:23,25.3,58.5,45.26,6.57,33.66,646,Desert,,,,,,,,,,40.78,13.05,6.0,5.81,6.22,73.94,7.0,4.71
2025-11-23 20:10:23,30.1,57.55,61.04,7.05,23.49,1103,Aquatic,20.37,7.16,3.45,265.09,15.63,3.01,0.58,4.36,7.91,,,,,,,,
2025-11-23 21:10:23,21.85,69.38,26.81,7.36,30.98,609,Aquatic,24.31,5.65,0.9,338.96,19.29,1.43,0.33,0.7,6.45,,,,,,,,
2025-11-23 22:10:23,19.2,48.24,45.75,7.29,20.6,629,Aquatic,24.43,6.73,5.22,241.35,16.67,0.94,0.38,3.19,8.03,,,,,,,,
2025-11-23 23:10:23,24.72,45.95,37.97,7.08,15.48,394,Desert,,,,,,,,,,41.33,16.2,4.0,8.27,4.08,79.45,36.0,5.27
2025-11-24 00:10:23,27.05,35.97,42.1,6.68,26.99,1022,Aquatic,18.71,5.46,1.4,294.32,12.25,2.45,0.24,5.62,9.68,,,,,,,,
2025-11-24 01:10:23,15.85,33.3,41.28,6.83,34.83,1012,Aquatic,23.52,6.15,4.4,350.96,15.51,1.53,0.52,4.77,7.38,,,,,,,,
2025-11-24 02:10:23,28.21,59.74,36.62,6.92,36.58,934,Aquatic,24.85,4.71,5.95,337.15,17.09,2.51,0.64,2.16,6.75,,,,,,,,
2025-11-24 03:10:23,23.35,37.43,46.9,6.28,24.63,576,Desert,,,,,,,,,,37.99,13.75,9.0,7.04,4.97,43.36,3.0,3.31
2025-11-24 04:10:23,22.85,61.07,14.56,7.39,11.27,985,Desert,,,,,,,,,,30.52,17.37,11.0,6.97,4.5,64.37,35.0,8.51
2025-11-24 05:10:23,20.62,45.29,43.87,7.03,27.72,745,Aquatic,15.41,5.6,4.63,228.28,10.86,2.7,0.45,1.58,9.38,,,,,,,,
2025-11-24 06:10:23,24.0,42.49,48.53,6.35,23.38,394,Aquatic,18.66,4.71,6.03,244.67,9.3,0.48,0.53,2.41,7.85,,,,,,,,
2025-11-24 07:10:23,29.75,65.35,29.0,7.73,30.1,249,Aquatic,21.42,8.0,1.13,294.16,11.8,1.15,0.86,4.26,11.12,,,,,,,,
2025-11-24 08:10:23,27.57,63.84,28.74,7.94,33.71,855,Aquatic,22.55,6.26,6.51,190.3,14.22,1.59,0.23,2.66,8.9,,,,,,,,
2025-11-24 09:10:23,28.99,36.13,63.24,6.35,21.56,359,Aquatic,24.26,5.11,4.68,379.1,13.95,1.78,0.9,1.87,6.53,,,,,,,,
2025-11-24 10:10:23,23.11,48.4,29.7,6.9,19.34,963,Aquatic,21.05,6.37,6.64,290.91,13.83,1.02,0.64,2.26,10.54,,,,,,,,
2025-11-24 11:10:23,32.91,50.79,35.9,6.57,21.91,551,Aquatic,22.51,6.4,2.75,279.2,14.63,1.76,1.01,1.5,7.13,,,,,,,,
2025-11-24 12:10:23,31.33,60.88,31.19,7.37,19.55,632,Desert,,,,,,,,,,36.11,24.11,10.0,6.09,5.16,49.37,38.0,8.74
2025-11-24 13:10:23,24.85,39.89,33.11,6.31,17.03,471,Desert,,,,,,,,,,30.36,20.43,4.0,5.4,4.71,92.72,22.0,3.33
2025-11-24 14:10:23,11.8,44.64,32.4,7.23,26.73,785,Aquatic,24.17,3.96,6.37,292.59,14.87,2.31,0.48,3.53,8.7,,,,,,,,
2025-11-24 15:10:23,25.26,49.17,15.2,7.18,19.09,224,Aquatic,21.64,6.08,4.96,197.99,14.22,1.38,0.61,4.22,5.72,,,,,,,,
2025-11-24 16:10:23,38.74,61.23,68.86,7.53,22.71,729,Aquatic,24.92,7.76,6.77,289.79,14.17,3.01,0.33,1.15,10.06,,,,,,,,
2025-11-24 17:10:23,24.68,64.23,31.73,6.05,22.3,839,Desert,,,,,,,,,,46.77,14.61,6.0,4.51,7.12,72.48,16.0,4.3
2025-11-24 18:10:23,19.85,42.76,44.94,6.61,20.05,465,Desert,,,,,,,,,,35.22,29.1,7.0,12.15,3.4,70.7,33.0,5.27
2025-11-24 19:10:23,33.5,77.12,39.45,6.88,29.78,106,Desert,,,,,,,,,,34.15,16.28,10.0,6.85,4.55,64.59,27.0,5.91
2025-11-24 20:10:23,21.88,57.2,56.5,7.46,21.21,867,Desert,,,,,,,,,,33.34,21.11,7.0,8.63,5.38,66.24,2.0,7.37
2025-11-24 21:10:23,27.44,38.92,48.67,7.03,24.24,560,Desert,,,,,,,,,,38.1,16.18,10.0,7.38,2.15,60.33,12.0,2.02
2025-11-24 22:10:23,28.8,27.61,53.89,7.36,31.29,195,Desert,,,,,,,,,,36.8,15.85,6.0,8.26,6.7,78.01,7.0,2.61
2025-11-24 23:10:23,17.6,43.36,54.32,7.21,23.72,476,Aquatic,20.92,5.65,4.61,345.21,14.8,2.43,0.56,1.28,0.64,,,,,,,,
2025-11-25 00:10:23,25.61,15.21,50.41,6.54,13.22,814,Aquatic,22.32,5.53,4.26,304.41,15.92,3.07,0.67,4.77,4.98,,,,,,,,
2025-11-25 01:10:23,30.94,53.54,40.79,6.93,21.07,207,Aquatic,17.51,6.8,5.5,265.47,15.97,3.79,0.21,3.78,5.07,,,,,,,,
2025-11-25 02:10:23,23.33,59.14,51.24,6.79,21.06,504,Desert,,,,,,,,,,44.59,31.23,8.0,7.41,5.68,56.76,16.0,5.56
2025-11-25 03:10:23,28.25,69.81,21.37,6.83,29.89,175,Desert,,,,,,,,,,39.41,22.0,9.0,4.43,2.41,58.6,26.0,1.64
2025-11-25 04:10:23,24.87,58.24,50.98,6.53,38.12,549,Aquatic,21.19,5.73,6.32,276.97,17.13,2.02,0.3,1.73,8.98,,,,,,,,
2025-11-25 05:10:23,30.13,25.17,48.73,7.36,26.42,133,Desert,,,,,,,,,,31.96,14.59,6.0,6.45,3.87,66.49,19.0,11.04
2025-11-25 06:10:23,34.24,46.54,44.0,7.13,23.76,691,Desert,,,,,,,,,,39.58,17.56,7.0,6.8,2.91,54.9,0.0,6.66
2025-11-25 07:10:23,19.48,61.21,24.49,6.04,36.5,982,Aquatic,24.9,6.42,3.96,260.67,11.35,1.14,0.65,2.47,10.57,,,,,,,,
2025-11-25 08:10:23,23.55,18.26,56.29,7.35,19.25,283,Aquatic,17.37,5.38,5.93,317.85,15.15,2.12,0.61,4.53,1.75,,,,,,,,
2025-11-25 09:10:23,26.96,38.45,32.34,6.7,27.2,954,Desert,,,,,,,,,,34.72,22.26,5.0,6.83,5.4,58.25,38.0,7.51
2025-11-25 10:10:23,21.82,60.1,47.84,6.25,28.61,171,Desert,,,,,,,,,,30.24,20.47,9.0,9.34,6.19,62.87,12.0,4.08
2025-11-25 11:10:23,20.85,51.57,18.32,7.58,24.39,1004,Desert,,,,,,,,,,30.86,24.77,11.0,5.17,3.52,87.99,33.0,2.61
2025-11-25 12:10:23,23.25,20.66,38.23,6.97,23.31,539,Desert,,,,,,,,,,38.56,18.92,10.0,2.9,2.66,83.94,2.0,1.34
2025-11-25 13:10:23,23.63,43.18,32.64,7.16,26.21,1189,Desert,,,,,,,,,,40.34,13.44,11.0,6.25,4.75,57.52,31.0,6.09
2025-11-25 14:10:23,21.71,51.05,31.08,6.91,36.89,707,Desert,,,,,,,,,,32.24,12.7,10.0,2.46,3.24,66.12,38.0,7.52
2025-11-25 15:10:23,26.63,81.86,32.42,6.96,29.34,425,Desert,,,,,,,,,,29.56,16.41,6.0,6.52,3.02,60.41,4.0,10.53
2025-11-25 16:10:23,29.03,44.16,61.55,6.09,20.04,775,Aquatic,20.2,6.88,5.13,287.54,16.57,1.55,0.85,1.74,11.02,,,,,,,,
2025-11-25 17:10:23,28.73,37.16,39.94,7.35,27.08,913,Aquatic,20.12,6.12,0.63,349.13,15.88,2.4,0.3,3.58,8.35,,,,,,,,
2025-11-25 18:10:23,28.4,54.42,44.41,6.62,32.46,1044,Desert,,,,,,,,,,27.21,7.1,6.0,4.75,5.28,35.93,22.0,1.63
2025-11-25 19:10:23,30.96,55.75,65.82,6.99,38.99,1194,Aquatic,24.23,6.62,5.7,234.87,12.2,1.61,0.65,3.84,2.85,,,,,,,,
2025-11-25 20:10:23,18.17,59.27,23.26,6.94,31.21,193,Desert,,,,,,,,,,34.92,23.9,8.0,4.51,7.85,59.42,9.0,7.64
2025-11-25 21:10:23,24.42,72.34,58.59,6.5,26.33,740,Aquatic,25.85,5.65,9.19,287.89,17.29,0.45,0.4,2.82,8.42,,,,,,,,
2025-11-25 22:10:23,25.95,49.77,35.92,6.36,35.81,328,Aquatic,23.4,5.09,4.84,247.66,13.17,2.56,0.54,3.65,5.06,,,,,,,,
2025-11-25 23:10:23,27.63,30.21,32.84,6.9,31.85,448,Aquatic,21.09,5.39,7.3,290.23,14.78,1.31,0.39,2.27,11.98,,,,,,,,
2025-11-26 00:10:23,16.92,51.39,35.44,7.61,25.94,365,Desert,,,,,,,,,,35.69,17.76,7.0,9.93,6.33,66.99,26.0,6.08
2025-11-26 01:10:23,34.4,51.03,18.73,6.65,19.49,1102,Aquatic,15.18,5.45,7.12,205.98,16.87,1.31,0.42,1.51,10.44,,,,,,,,
2025-11-26 02:10:23,20.55,65.28,22.03,6.68,25.46,1105,Aquatic,24.08,5.38,3.57,232.14,13.93,1.43,0.15,3.54,6.38,,,,,,,,
2025-11-26 03:10:23,26.32,63.37,26.79,7.03,32.34,603,Aquatic,23.84,4.93,7.31,288.49,15.22,2.59,0.24,4.44,9.05,,,,,,,,
2025-11-26 04:10:23,28.69,39.79,33.62,6.69,16.25,398,Desert,,,,,,,,,,36.17,13.86,6.0,5.22,4.64,84.72,37.0,4.7
2025-11-26 05:10:23,30.43,62.32,48.84,7.63,12.04,721,Desert,,,,,,,,,,36.25,3.73,5.0,9.57,6.73,46.89,29.0,2.6
2025-11-26 06:10:23,21.57,65.78,53.27,7.21,28.84,701,Desert,,,,,,,,,,36.05,22.18,4.0,8.77,1.94,95.24,26.0,1.15
2025-11-26 07:10:23,22.29,47.99,35.91,8.22,12.54,295,Aquatic,22.25,5.68,5.3,335.61,21.18,1.78,0.55,4.74,8.8,,,,,,,,
2025-11-26 08:10:23,26.86,64.99,44.74,7.09,14.39,634,Desert,,,,,,,,,,32.46,16.96,11.0,5.49,2.64,76.16,32.0,5.99
2025-11-26 09:10:23,27.94,53.31,45.5,8.09,23.09,1172,Aquatic,17.37,6.62,6.28,367.93,17.82,2.49,0.75,2.05,4.24,,,,,,,,
2025-11-26 10:10:23,29.56,53.48,37.57,6.69,22.82,522,Desert,,,,,,,,,,44.48,25.32,8.0,6.0,4.11,66.28,26.0,8.11
2025-11-26 11:10:23,24.72,48.61,43.02,7.1,25.14,205,Desert,,,,,,,,,,32.56,2.43,10.0,10.09,3.56,62.86,17.0,7.65
2025-11-26 12:10:23,21.53,62.85,33.25,6.46,26.0,719,Aquatic,21.57,4.51,3.6,266.7,12.67,1.37,0.52,3.5,8.66,,,,,,,,
2025-11-26 13:10:23,18.33,93.86,46.91,6.8,28.87,733,Desert,,,,,,,,,,28.78,10.74,4.0,5.76,5.68,77.7,28.0,3.9
2025-11-26 14:10:23,33.73,54.23,37.6,6.83,23.84,1021,Aquatic,18.7,6.31,2.63,371.47,15.23,1.59,0.55,5.11,12.36,,,,,,,,
2025-11-26 15:10:23,18.13,33.42,40.75,7.29,18.06,254,Aquatic,22.61,6.49,4.78,325.77,15.92,1.38,0.46,1.35,10.58,,,,,,,,
2025-11-26 16:10:23,28.51,47.37,43.32,7.67,2.13,412,Desert,,,,,,,,,,41.05,23.22,7.0,5.92,8.17,80.21,8.0,10.83
2025-11-26 17:10:23,26.4,42.12,42.02,6.86,34.49,906,Aquatic,24.51,6.7,6.65,317.39,15.2,1.63,0.31,4.85,13.42,,,,,,,,
2025-11-26 18:10:23,28.82,55.68,31.73,6.28,30.85,377,Desert,,,,,,,,,,38.91,14.44,8.0,7.93,4.02,32.02,5.0,9.09
2025-11-26 19:10:23,29.78,48.75,24.18,6.99,29.54,582,Aquatic,24.59,5.96,5.8,191.56,14.96,2.52,0.59,3.35,7.1,,,,,,,,
2025-11-26 20:10:23,31.76,88.82,39.46,6.91,24.37,963,Desert,,,,,,,,,,36.25,32.95,6.0,6.16,5.45,54.85,24.0,3.4
2025-11-26 21:10:23,24.72,62.0,33.5,6.75,17.53,457,Aquatic,24.18,6.82,3.46,304.09,12.68,1.8,0.58,2.5,11.29,,,,,,,,
2025-11-26 22:10:23,27.0,78.69,33.92,7.42,28.34,430,Aquatic,22.04,6.25,7.33,420.02,11.88,2.44,0.25,1.62,8.78,,,,,,,,
2025-11-26 23:10:23,15.24,40.26,39.0,7.56,23.95,325,Aquatic,24.07,6.8,8.08,305.4,12.97,3.61,0.31,2.56,10.42,,,,,,,,
2025-11-27 00:10:23,25.24,47.68,31.77,6.65,13.69,604,Aquatic,22.75,5.87,5.11,253.15,15.67,2.43,0.64,1.76,11.85,,,,,,,,
2025-11-27 01:10:23,20.48,81.65,45.6,6.65,32.65,356,Aquatic,29.51,5.83,6.78,350.78,17.63,2.54,0.53,3.03,7.5,,,,,,,,
2025-11-27 02:10:23,24.25,25.73,45.01,5.71,13.16,446,Aquatic,21.23,5.29,4.09,306.61,14.2,2.04,0.68,2.89,5.3,,,,,,,,
2025-11-27 03:10:23,31.21,52.96,29.5,6.69,21.03,968,Aquatic,25.58,3.03,5.31,354.5,20.55,1.99,0.35,2.46,9.17,,,,,,,,
2025-11-27 04:10:23,25.55,27.63,44.64,7.42,38.47,537,Desert,,,,,,,,,,37.27,19.26,8.0,6.05,5.21,90.66,34.0,9.51
2025-11-27 05:10:23,30.48,73.85,28.78,6.55,18.01,380,Desert,,,,,,,,,,34.17,13.86,10.0,7.56,4.62,38.25,29.0,11.45
2025-11-27 06:10:23,24.02,29.62,48.85,7.46,25.86,1032,Desert,,,,,,,,,,35.6,21.08,9.0,9.34,6.81,90.87,35.0,3.7
2025-11-27 07:10:23,27.02,46.27,47.62,7.34,32.85,487,Desert,,,,,,,,,,31.1,11.54,10.0,4.79,4.44,62.42,23.0,9.79
2025-11-27 08:10:23,22.96,48.14,40.08,7.32,24.46,902,Desert,,,,,,,,,,35.43,15.4,11.0,9.37,5.86,60.11,7.0,12.15
2025-11-27 09:10:23,12.29,25.52,50.85,7.33,13.19,848,Desert,,,,,,,,,,39.91,19.47,4.0,6.92,7.08,54.89,27.0,11.71
2025-11-27 10:10:23,21.45,87.8,52.42,6.97,20.47,487,Aquatic,19.67,5.25,6.67,311.73,15.21,2.35,0.46,2.75,7.65,,,,,,,,
2025-11-27 11:10:23,23.69,48.27,45.51,7.52,23.98,1104,Aquatic,23.05,5.84,0.37,366.05,9.55,2.72,0.48,2.9,7.25,,,,,,,,
2025-11-27 12:10:23,25.81,75.46,18.31,7.54,12.43,275,Aquatic,17.94,6.19,3.61,243.46,17.2,3.25,0.58,3.3,7.91,,,,,,,,
2025-11-27 13:10:23,25.04,40.37,41.77,7.19,35.75,1159,Desert,,,,,,,,,,33.21,27.13,8.0,6.83,6.55,53.31,17.0,4.36
2025-11-27 14:10:23,24.4,28.81,42.59,7.0,26.88,1140,Aquatic,26.82,6.31,3.78,253.97,13.85,0.44,0.48,2.69,9.89,,,,,,,,
2025-11-27 15:10:23,29.77,54.0,49.81,7.66,29.99,1106,Aquatic,18.98,7.09,0.61,277.25,9.41,1.88,0.28,2.76,3.8,,,,,,,,
2025-11-27 16:10:23,28.16,53.59,28.43,7.76,26.44,252,Desert,,,,,,,,,,29.87,24.4,8.0,7.33,6.77,56.17,33.0,10.47
2025-11-27 17:10:23,23.04,94.52,48.58,6.7,27.33,872,Desert,,,,,,,,,,31.37,23.55,7.0,7.48,4.2,60.61,36.0,6.17
2025-11-27 18:10:23,29.39,34.91,44.38,7.44,21.44,831,Desert,,,,,,,,,,33.38,14.58,8.0,8.88,6.58,82.64,4.0,7.88
2025-11-27 19:10:23,15.1,27.31,45.02,7.05,12.56,289,Aquatic,20.78,6.58,4.26,260.0,14.51,2.05,0.43,2.22,8.21,,,,,,,,
2025-11-27 20:10:23,23.62,40.14,25.36,8.19,29.62,1005,Aquatic,18.57,5.31,5.29,340.12,8.87,2.22,0.45,1.99,5.76,,,,,,,,
2025-11-27 21:10:23,24.3,55.26,29.83,6.86,24.54,629,Aquatic,20.72,5.21,7.12,262.65,16.1,2.16,0.2,4.73,8.73,,,,,,,,
2025-11-27 22:10:23,31.55,59.17,53.66,6.71,36.74,473,Desert,,,,,,,,,,28.84,22.26,7.0,4.69,6.19,62.79,5.0,9.79
2025-11-27 23:10:23,22.36,39.5,50.02,6.57,15.0,590,Aquatic,21.25,5.48,3.17,241.65,14.39,2.19,0.2,3.02,8.49,,,,,,,,
2025-11-28 00:10:23,17.68,45.46,39.15,7.48,25.53,757,Desert,,,,,,,,,,39.3,17.82,9.0,9.5,4.22,76.96,12.0,6.94
2025-11-28 01:10:23,25.93,58.87,53.1,6.5,41.57,931,Aquatic,21.6,6.71,5.63,301.36,17.61,1.42,0.55,3.31,9.56,,,,,,,,
2025-11-28 02:10:23,33.51,67.0,43.28,7.34,13.55,1143,Desert,,,,,,,,,,37.71,22.38,5.0,10.75,6.29,82.48,27.0,13.67
2025-11-28 03:10:23,24.0,41.73,35.16,6.77,14.76,311,Aquatic,18.27,6.99,4.28,310.52,17.22,2.58,0.46,2.3,2.71,,,,,,,,
2025-11-28 04:10:23,24.56,52.6,21.28,7.69,26.01,952,Aquatic,24.92,5.76,3.9,456.76,20.0,0.61,0.41,3.32,4.74,,,,,,,,
2025-11-28 05:10:23,24.03,9.19,52.21,7.81,37.71,1129,Aquatic,18.66,7.02,6.31,243.26,11.23,1.98,0.25,3.06,7.67,,,,,,,,
2025-11-28 06:10:23,25.31,36.08,38.43,7.59,14.72,477,Desert,,,,,,,,,,50.35,15.02,5.0,9.67,3.44,80.46,36.0,4.69
2025-11-28 07:10:23,31.57,57.03,42.9,6.05,24.66,335,Desert,,,,,,,,,,33.35,20.8,4.0,4.57,4.93,70.07,31.0,7.81
2025-11-28 08:10:23,34.88,50.41,18.66,6.3,22.71,1163,Aquatic,23.63,5.69,6.11,236.14,15.53,1.64,0.94,3.03,7.92,,,,,,,,
2025-11-28 09:10:23,27.42,47.82,33.62,5.68,19.71,730,Aquatic,18.92,6.12,7.14,296.21,18.6,2.2,0.16,2.88,7.42,,,,,,,,
2025-11-28 10:10:23,24.54,74.76,43.61,8.34,22.14,461,Desert,,,,,,,,,,39.71,22.06,5.0,6.21,7.91,70.33,7.0,5.1
2025-11-28 11:10:23,34.33,46.25,37.13,6.73,33.88,1192,Desert,,,,,,,,,,38.24,20.04,11.0,9.12,5.25,66.87,32.0,14.8
2025-11-28 12:10:23,25.56,34.17,31.29,6.82,25.23,181,Desert,,,,,,,,,,33.35,21.21,7.0,8.58,4.18,62.71,28.0,5.31
2025-11-28 13:10:23,25.4,53.73,26.8,7.05,13.63,364,Desert,,,,,,,,,,44.02,16.86,5.0,8.04,4.42,39.95,34.0,9.34
2025-11-28 14:10:23,23.28,53.69,42.53,7.32,19.19,679,Desert,,,,,,,,,,36.56,18.0,9.0,6.63,5.55,55.5,28.0,4.31
2025-11-28 15:10:23,23.49,33.41,35.65,6.86,24.85,923,Desert,,,,,,,,,,26.67,21.27,10.0,4.38,3.89,58.78,16.0,7.45
2025-11-28 16:10:23,26.28,65.61,35.99,7.06,12.9,912,Aquatic,23.98,5.07,6.09,256.03,15.86,2.6,0.16,4.84,5.15,,,,,,,,
2025-11-28 17:10:23,23.64,76.15,36.55,7.02,18.55,744,Aquatic,23.38,6.22,3.55,262.4,10.38,1.42,0.71,2.57,5.72,,,,,,,,
2025-11-28 18:10:23,27.17,41.73,32.3,6.37,20.83,316,Aquatic,25.65,6.46,7.02,236.82,14.68,1.8,0.41,3.69,6.98,,,,,,,,
2025-11-28 19:10:23,25.54,37.48,36.07,7.93,7.28,653,Aquatic,25.22,3.87,6.77,351.93,11.26,2.95,0.32,4.71,11.37,,,,,,,,
2025-11-28 20:10:23,27.86,49.33,32.68,7.89,38.83,113,Aquatic,21.96,5.21,1.58,291.11,9.65,2.12,0.48,3.83,8.99,,,,,,,,
2025-11-28 21:10:23,23.17,69.27,40.33,7.04,11.14,303,Aquatic,18.37,6.71,2.9,340.59,16.9,2.91,0.66,3.44,10.99,,,,,,,,
2025-11-28 22:10:23,24.08,42.12,23.63,6.96,24.52,1093,Aquatic,21.89,6.34,3.79,320.47,17.86,0.75,0.55,3.16,6.65,,,,,,,,
2025-11-28 23:10:23,26.3,39.62,26.91,7.96,22.63,542,Aquatic,24.48,3.99,6.67,434.79,12.12,0.95,0.34,2.52,8.77,,,,,,,,
2025-11-29 00:10:23,25.42,41.71,40.3,8.24,19.19,985,Aquatic,16.49,6.13,6.59,295.73,21.42,1.46,0.51,3.38,6.25,,,,,,,,
2025-11-29 01:10:23,25.58,54.19,37.99,7.05,33.68,611,Desert,,,,,,,,,,26.14,20.74,4.0,10.62,5.61,59.41,31.0,8.22
2025-11-29 02:10:23,30.93,53.8,41.82,7.33,24.5,926,Aquatic,16.68,6.78,1.98,265.39,16.1,0.65,0.57,5.13,7.52,,,,,,,,
2025-11-29 03:10:23,19.72,48.03,63.88,6.82,17.34,139,Desert,,,,,,,,,,35.75,12.75,11.0,6.27,5.42,47.92,18.0,6.6
2025-11-29 04:10:23,15.37,68.64,48.85,7.19,33.35,980,Aquatic,27.79,5.8,4.97,290.53,11.28,1.62,0.62,3.07,8.11,,,,,,,,
2025-11-29 05:10:23,28.71,84.36,53.39,5.75,28.4,125,Desert,,,,,,,,,,37.19,24.59,5.0,9.19,4.79,76.02,33.0,4.93
2025-11-29 06:10:23,23.87,41.92,44.91,5.91,15.73,393,Aquatic,20.89,4.76,4.71,220.82,15.01,2.02,0.51,4.46,9.37,,,,,,,,
2025-11-29 07:10:23,31.83,66.21,38.54,7.25,11.82,842,Desert,,,,,,,,,,41.02,10.9,10.0,7.66,2.87,66.68,11.0,7.37
2025-11-29 08:10:23,24.65,54.68,30.48,6.94,31.06,933,Aquatic,26.24,8.23,5.56,403.02,15.05,1.15,0.5,3.78,3.5,,,,,,,,
2025-11-29 09:10:23,19.24,95.62,17.84,7.23,22.9,1068,Aquatic,27.27,5.9,4.12,384.64,13.42,1.83,0.37,4.28,4.57,,,,,,,,
2025-11-29 10:10:23,36.05,37.41,23.12,7.07,12.32,326,Aquatic,26.5,5.0,2.43,238.59,21.69,1.15,0.63,4.28,5.42,,,,,,,,
2025-11-29 11:10:23,27.08,45.45,12.15,7.33,28.39,1184,Aquatic,25.51,6.45,7.8,357.04,15.95,2.93,0.41,3.24,12.05,,,,,,,,
2025-11-29 12:10:23,22.82,52.2,26.62,7.16,12.52,213,Desert,,,,,,,,,,35.09,22.25,10.0,10.16,8.41,61.15,3.0,5.05
2025-11-29 13:10:23,21.32,29.21,21.05,6.95,18.48,664,Aquatic,21.89,8.2,5.42,205.27,16.64,1.81,0.3,3.42,6.85,,,,,,,,
2025-11-29 14:10:23,27.89,47.46,28.44,7.24,17.45,265,Aquatic,23.63,6.55,3.55,229.25,10.99,1.53,0.7,4.71,8.42,,,,,,,,
2025-11-29 15:10:23,21.69,61.32,39.7,6.7,8.17,496,Desert,,,,,,,,,,29.33,27.49,7.0,5.52,4.5,60.69,12.0,4.4
2025-11-29 16:10:23,27.02,28.9,35.08,7.74,29.5,819,Aquatic,16.26,5.56,4.02,285.42,22.81,2.16,-0.01,1.5,7.75,,,,,,,,
2025-11-29 17:10:23,30.89,52.53,50.46,6.55,52.03,913,Desert,,,,,,,,,,28.76,28.42,8.0,5.26,3.8,68.02,37.0,5.26
2025-11-29 18:10:23,18.13,77.43,50.66,6.84,29.15,1093,Desert,,,,,,,,,,32.84,18.24,8.0,4.41,6.16,46.29,8.0,3.42
2025-11-29 19:10:23,23.29,41.63,52.1,7.49,27.28,436,Aquatic,22.82,5.97,5.96,324.0,11.09,2.78,0.53,3.18,12.88,,,,,,,,
2025-11-29 20:10:23,27.47,37.12,50.16,6.85,21.98,1088,Aquatic,23.23,4.38,8.39,285.75,14.75,1.98,0.59,3.48,11.81,,,,,,,,
2025-11-29 21:10:23,33.37,12.57,43.12,7.52,23.49,331,Aquatic,17.81,6.94,7.36,333.74,18.02,0.67,0.41,1.95,8.51,,,,,,,,
2025-11-29 22:10:23,29.72,48.96,33.85,7.77,26.27,573,Desert,,,,,,,,,,27.18,5.42,7.0,7.04,7.6,87.46,32.0,4.18
2025-11-29 23:10:23,22.79,26.16,45.32,7.43,29.05,226,Desert,,,,,,,,,,23.47,17.75,6.0,3.73,6.96,40.65,13.0,2.84
2025-11-30 00:10:23,32.37,58.96,37.0,6.82,20.05,222,Aquatic,18.99,6.88,6.83,350.56,18.16,1.16,0.84,3.19,6.73,,,,,,,,
2025-11-30 01:10:23,23.27,75.29,37.56,8.0,24.43,944,Desert,,,,,,,,,,35.77,22.14,11.0,11.35,3.31,36.75,11.0,8.81
2025-11-30 02:10:23,24.25,58.97,44.81,7.27,22.42,591,Aquatic,19.61,5.37,2.89,325.51,16.66,1.3,0.59,4.09,6.03,,,,,,,,
2025-11-30 03:10:23,26.95,38.69,26.97,6.56,28.62,1002,Aquatic,20.01,5.29,8.49,358.0,16.26,2.22,0.38,3.49,9.57,,,,,,,,
2025-11-30 04:10:23,19.58,60.4,20.6,8.05,31.71,431,Aquatic,24.82,7.04,5.79,297.56,10.76,2.87,0.37,3.1,8.87,,,,,,,,
2025-11-30 05:10:23,40.43,43.51,43.81,7.14,33.02,693,Aquatic,21.75,5.55,6.02,335.12,9.49,2.14,0.62,2.15,12.47,,,,,,,,
2025-11-30 06:10:23,31.04,33.62,61.08,7.36,20.7,295,Desert,,,,,,,,,,34.64,26.91,5.0,7.25,6.82,52.7,5.0,2.69
2025-11-30 07:10:23,26.15,43.07,53.28,7.5,20.43,974,Aquatic,26.8,7.32,10.8,283.84,16.15,2.79,0.32,1.47,10.47,,,,,,,,
2025-11-30 08:10:23,22.21,54.16,84.65,6.79,29.85,1066,Desert,,,,,,,,,,32.6,14.18,6.0,8.04,6.42,59.16,20.0,6.59
2025-11-30 09:10:23,19.26,45.09,23.3,7.5,22.28,1096,Aquatic,22.04,4.45,4.79,227.8,9.27,2.8,0.67,3.71,13.0,,,,,,,,
2025-11-30 10:10:23,26.91,58.48,32.29,6.43,22.69,172,Desert,,,,,,,,,,33.12,27.15,8.0,8.68,4.93,84.42,32.0,8.18
2025-11-30 11:10:23,28.52,82.77,12.62,6.56,28.13,789,Aquatic,31.33,5.38,4.54,305.04,14.18,1.89,0.58,2.08,1.11,,,,,,,,
2025-11-30 12:10:23,23.06,59.76,29.73,6.85,27.51,402,Desert,,,,,,,,,,32.12,12.37,4.0,6.45,4.72,51.25,8.0,6.17
2025-11-30 13:10:23,24.07,61.9,62.47,8.14,35.12,512,Desert,,,,,,,,,,39.02,26.63,4.0,5.16,4.21,65.35,18.0,6.49
2025-11-30 14:10:23,27.83,40.55,59.16,7.35,14.79,210,Aquatic,21.02,5.54,7.76,274.29,18.62,2.83,0.45,3.81,9.55,,,,,,,,
2025-11-30 15:10:23,24.74,70.53,27.89,7.63,33.55,1163,Aquatic,24.7,7.66,4.68,223.33,11.76,2.21,0.38,3.21,9.58,,,,,,,,
2025-11-30 16:10:23,15.77,55.84,36.15,6.83,20.83,137,Aquatic,25.56,6.19,6.0,276.93,15.05,1.6,0.75,3.02,10.15,,,,,,,,
2025-11-30 17:10:23,28.37,65.7,30.19,7.32,30.01,731,Desert,,,,,,,,,,36.38,15.87,11.0,7.12,3.27,56.88,33.0,3.33
2025-11-30 18:10:23,26.26,38.84,23.99,6.0,14.24,140,Aquatic,23.46,5.94,7.16,341.44,11.6,1.93,0.53,2.74,14.46,,,,,,,,
2025-11-30 19:10:23,28.69,54.02,37.08,6.93,23.59,748,Desert,,,,,,,,,,27.65,22.09,6.0,6.18,3.43,51.04,4.0,3.7
2025-11-30 20:10:23,21.26,15.19,36.07,7.27,19.68,1129,Desert,,,,,,,,,,35.24,27.7,7.0,7.7,7.34,86.06,7.0,8.69
2025-11-30 21:10:23,14.41,45.12,41.1,6.77,38.85,306,Aquatic,22.9,5.26,5.01,314.45,18.05,2.37,0.44,2.82,2.42,,,,,,,,
2025-11-30 22:10:23,18.8,37.81,43.1,6.06,17.08,607,Desert,,,,,,,,,,44.65,20.09,7.0,7.87,7.99,59.83,0.0,6.26
2025-11-30 23:10:23,26.53,35.36,48.28,6.23,33.83,1133,Aquatic,20.09,8.21,3.23,224.76,21.13,2.81,0.77,0.98,4.98,,,,,,,,
2025-12-01 00:10:23,35.43,76.49,56.31,7.37,18.24,409,Aquatic,25.35,6.13,1.82,235.82,17.54,1.54,0.7,3.04,2.23,,,,,,,,
2025-12-01 01:10:23,36.8,27.4,39.05,7.73,15.75,299,Desert,,,,,,,,,,24.54,20.42,4.0,8.87,4.79,68.21,11.0,4.06
2025-12-01 02:10:23,26.55,48.19,37.5,6.87,27.2,1010,Desert,,,,,,,,,,39.5,8.12,7.0,3.77,6.83,65.35,18.0,5.71
2025-12-01 03:10:23,17.74,48.29,40.08,7.85,33.21,589,Desert,,,,,,,,,,25.08,20.52,9.0,6.42,5.0,52.71,37.0,-0.41
2025-12-01 04:10:23,23.35,58.39,45.27,6.4,24.27,1040,Aquatic,18.32,6.36,1.82,253.6,15.96,2.95,0.5,3.03,5.28,,,,,,,,
2025-12-01 05:10:23,27.26,65.56,38.43,7.36,29.56,542,Aquatic,20.21,4.88,6.06,316.17,12.93,1.98,0.61,1.17,9.09,,,,,,,,
2025-12-01 06:10:23,27.21,26.31,28.24,7.2,26.67,181,Aquatic,21.91,7.35,1.19,236.45,13.87,3.0,0.49,5.22,8.05,,,,,,,,
2025-12-01 07:10:23,25.5,42.25,33.81,7.58,24.32,1067,Aquatic,18.54,5.24,10.52,346.77,13.23,1.11,0.35,1.22,8.84,,,,,,,,
2025-12-01 08:10:23,31.72,39.81,48.77,6.3,35.9,243,Aquatic,25.76,4.08,4.02,476.14,15.97,2.45,0.15,1.51,9.05,,,,,,,,
2025-12-01 09:10:23,20.53,60.83,27.77,7.55,24.84,179,Aquatic,20.83,6.64,5.51,264.78,13.46,1.6,0.6,2.32,3.56,,,,,,,,
2025-12-01 10:10:23,14.2,64.42,49.64,7.1,31.79,971,Desert,,,,,,,,,,21.65,21.59,10.0,7.14,5.68,73.7,23.0,3.74
2025-12-01 11:10:23,20.64,44.18,23.43,6.61,15.57,449,Aquatic,22.99,5.76,4.8,241.31,17.36,1.67,0.25,1.64,4.22,,,,,,,,
2025-12-01 12:10:23,19.22,42.19,47.24,6.82,23.33,893,Aquatic,22.17,7.27,5.41,305.19,13.16,2.41,0.49,2.67,9.15,,,,,,,,
2025-12-01 13:10:23,36.19,35.11,47.0,6.93,32.41,362,Desert,,,,,,,,,,36.43,25.32,9.0,7.17,5.87,77.73,8.0,3.39
2025-12-01 14:10:23,24.09,55.8,37.48,7.18,21.19,1096,Desert,,,,,,,,,,39.6,29.89,7.0,8.0,4.87,51.94,30.0,8.72
2025-12-01 15:10:23,17.88,75.33,39.71,6.61,7.72,1060,Desert,,,,,,,,,,36.3,16.04,10.0,10.5,5.4,23.35,33.0,4.6
2025-12-01 16:10:23,28.11,55.96,37.24,6.61,30.92,976,Aquatic,24.71,7.64,8.78,381.98,15.38,0.39,0.67,2.48,8.41,,,,,,,,
2025-12-01 17:10:23,30.06,39.72,59.96,7.08,29.56,641,Desert,,,,,,,,,,32.16,17.99,6.0,6.84,3.57,67.84,33.0,2.14
2025-12-01 18:10:23,25.29,37.76,34.78,7.02,22.63,860,Aquatic,25.16,6.03,5.5,287.76,14.92,1.05,0.5,4.46,10.03,,,,,,,,
2025-12-01 19:10:23,25.99,39.56,31.32,7.28,25.83,161,Aquatic,25.19,6.6,7.71,300.22,13.24,0.11,0.63,2.16,14.05,,,,,,,,
2025-12-01 20:10:23,30.14,25.5,44.47,7.49,22.27,332,Desert,,,,,,,,,,27.37,16.42,7.0,7.72,7.14,51.3,0.0,5.75
2025-12-01 21:10:23,27.6,76.26,53.16,6.1,28.06,981,Desert,,,,,,,,,,38.46,18.42,7.0,8.8,5.42,66.54,22.0,6.87
2025-12-01 22:10:23,21.52,51.32,43.97,6.98,33.82,244,Aquatic,19.9,5.77,4.99,412.43,16.65,2.9,0.57,3.27,8.0,,,,,,,,
2025-12-01 23:10:23,27.97,45.25,38.25,7.14,27.48,884,Aquatic,21.94,6.63,6.16,277.63,10.23,0.68,0.7,2.83,11.12,,,,,,,,
2025-12-02 00:10:23,29.67,83.77,52.15,7.05,24.29,413,Desert,,,,,,,,,,35.62,15.65,8.0,7.2,4.82,83.91,24.0,6.82
2025-12-02 01:10:23,26.73,53.54,30.98,6.49,21.13,293,Aquatic,21.47,5.47,4.54,326.82,14.85,3.12,0.18,2.86,7.73,,,,,,,,
2025-12-02 02:10:23,29.39,72.47,30.73,7.38,23.74,168,Aquatic,20.42,6.58,6.12,425.16,12.83,0.69,0.38,4.47,9.59,,,,,,,,
2025-12-02 03:10:23,27.94,54.28,25.3,7.88,20.99,643,Desert,,,,,,,,,,30.05,19.84,6.0,5.76,3.86,63.07,4.0,9.12
2025-12-02 04:10:23,23.84,66.73,54.35,6.93,32.79,436,Desert,,,,,,,,,,29.54,19.56,5.0,6.2,5.94,65.57,13.0,5.91
2025-12-02 05:10:23,24.29,51.28,13.75,6.62,16.57,554,Aquatic,22.35,5.71,2.93,336.64,14.29,2.15,0.51,4.82,7.99,,,,,,,,
2025-12-02 06:10:23,28.09,44.67,24.7,7.41,20.37,329,Desert,,,,,,,,,,35.56,14.37,9.0,7.98,3.33,75.7,16.0,7.48
2025-12-02 07:10:23,22.25,56.35,42.93,7.03,27.86,1016,Aquatic,21.46,6.12,5.03,326.86,16.94,2.49,0.65,3.88,9.64,,,,,,,,
2025-12-02 08:10:23,30.78,60.94,44.84,7.07,27.74,1122,Desert,,,,,,,,,,25.1,20.21,8.0,7.26,6.59,82.64,39.0,6.85
2025-12-02 09:10:23,31.11,66.53,60.62,7.13,27.09,520,Aquatic,27.11,8.43,3.68,395.25,16.95,1.47,0.57,4.69,7.55,,,,,,,,
2025-12-02 10:10:23,14.86,53.19,45.04,6.78,21.7,301,Desert,,,,,,,,,,44.44,25.77,6.0,6.98,6.15,77.44,37.0,6.78
2025-12-02 11:10:23,24.67,46.43,34.13,7.01,26.7,371,Desert,,,,,,,,,,36.72,19.59,11.0,5.97,4.64,73.95,1.0,6.68
2025-12-02 12:10:23,21.26,44.6,56.4,6.65,13.65,1054,Desert,,,,,,,,,,36.23,19.14,11.0,3.91,5.61,73.66,1.0,3.1
2025-12-02 13:10:23,21.84,54.8,52.64,6.02,12.89,1130,Aquatic,24.15,6.74,2.15,235.64,13.67,2.65,0.57,2.73,7.67,,,,,,,,
2025-12-02 14:10:23,25.74,42.86,53.74,7.53,14.82,1062,Desert,,,,,,,,,,47.35,25.23,10.0,9.18,5.98,68.3,10.0,6.61
2025-12-02 15:10:23,24.17,45.25,52.65,7.15,28.15,613,Aquatic,24.05,5.55,1.74,339.46,20.04,2.46,0.33,3.24,10.34,,,,,,,,
2025-12-02 16:10:23,27.84,58.29,46.05,6.97,36.08,966,Aquatic,22.94,6.35,7.99,345.35,15.5,2.4,0.93,3.67,6.14,,,,,,,,
2025-12-02 17:10:23,26.62,58.97,22.75,7.69,21.69,550,Aquatic,29.89,6.31,6.62,384.99,18.56,2.89,0.82,2.35,8.72,,,,,,,,
2025-12-02 18:10:23,26.86,57.74,27.48,6.93,20.68,978,Desert,,,,,,,,,,38.02,28.99,4.0,8.75,6.36,79.1,38.0,7.01
2025-12-02 19:10:23,21.1,38.95,63.36,7.57,22.82,216,Aquatic,19.17,5.12,2.8,316.98,14.9,1.67,0.67,1.39,6.0,,,,,,,,
2025-12-02 20:10:23,23.27,28.52,40.5,7.42,39.7,689,Aquatic,25.52,4.15,7.23,241.05,9.82,1.21,0.18,2.63,8.06,,,,,,,,
2025-12-02 21:10:23,32.3,54.28,18.17,6.86,26.94,695,Aquatic,25.72,6.39,3.57,265.23,21.29,1.97,0.88,2.76,5.43,,,,,,,,
2025-12-02 22:10:23,12.61,51.88,40.63,6.38,26.04,900,Aquatic,26.29,7.17,7.68,304.39,18.44,2.0,0.46,2.98,7.41,,,,,,,,
2025-12-02 23:10:23,33.6,44.47,51.39,7.25,20.74,299,Desert,,,,,,,,,,37.09,-0.73,9.0,5.34,4.86,54.9,0.0,7.73
2025-12-03 00:10:23,22.2,53.26,44.66,7.12,29.26,278,Aquatic,19.36,6.57,0.39,307.88,17.29,2.74,0.66,2.78,8.12,,,,,,,,
2025-12-03 01:10:23,30.9,62.9,40.14,7.52,35.71,575,Aquatic,19.72,5.49,4.9,353.23,13.06,1.73,0.37,2.51,9.9,,,,,,,,
2025-12-03 02:10:23,12.03,47.12,12.46,6.23,26.84,171,Aquatic,17.21,5.87,3.31,259.39,11.76,2.04,0.76,3.3,4.25,,,,,,,,
2025-12-03 03:10:23,22.91,56.14,40.68,6.94,18.86,290,Aquatic,22.56,5.44,10.09,279.16,13.12,2.04,0.01,2.27,8.4,,,,,,,,
2025-12-03 04:10:23,29.25,35.48,38.34,7.12,35.83,567,Desert,,,,,,,,,,26.2,9.9,9.0,8.86,4.03,48.71,9.0,4.57
2025-12-03 05:10:23,25.76,46.85,59.83,7.18,25.16,1186,Desert,,,,,,,,,,39.59,17.82,11.0,4.68,4.73,92.32,29.0,5.43
2025-12-03 06:10:23,30.09,37.68,40.01,7.07,39.59,1102,Desert,,,,,,,,,,26.89,16.37,6.0,9.44,4.36,55.1,14.0,7.72
2025-12-03 07:10:23,20.63,28.43,39.34,7.16,16.91,982,Desert,,,,,,,,,,39.95,8.98,7.0,6.97,3.95,48.77,21.0,7.32
2025-12-03 08:10:23,22.21,56.66,34.72,5.84,24.16,645,Aquatic,26.85,6.0,3.58,382.48,13.67,1.89,0.73,1.78,6.26,,,,,,,,
2025-12-03 09:10:23,21.74,7.54,38.49,6.85,27.47,1032,Desert,,,,,,,,,,35.43,15.95,8.0,11.65,4.7,92.35,8.0,3.46
2025-12-03 10:10:23,27.54,49.18,43.17,6.67,11.32,570,Aquatic,13.58,6.4,5.79,294.99,8.61,2.44,0.69,4.13,9.56,,,,,,,,
2025-12-03 11:10:23,27.32,61.79,33.88,6.23,26.1,411,Desert,,,,,,,,,,34.2,24.6,4.0,8.07,6.14,82.53,36.0,5.27
2025-12-03 12:10:23,24.39,56.1,29.47,7.06,30.24,839,Aquatic,19.79,4.73,4.51,290.52,14.32,3.49,0.71,3.83,9.37,,,,,,,,
2025-12-03 13:10:23,23.69,26.86,25.25,6.81,24.31,749,Desert,,,,,,,,,,33.1,29.68,4.0,8.37,3.82,69.31,17.0,6.23
2025-12-03 14:10:23,23.55,53.72,41.32,6.42,28.84,950,Desert,,,,,,,,,,30.94,24.86,6.0,8.66,5.77,65.21,33.0,3.35
2025-12-03 15:10:23,25.44,22.63,35.72,6.3,26.74,750,Aquatic,21.05,6.62,4.56,352.55,13.67,2.46,0.63,2.41,10.48,,,,,,,,
2025-12-03 16:10:23,20.26,36.8,36.14,7.17,18.54,437,Aquatic,26.22,5.53,5.12,323.96,16.02,1.58,0.16,3.22,3.09,,,,,,,,
2025-12-03 17:10:23,24.72,71.56,21.9,5.73,31.07,1143,Aquatic,19.71,6.11,7.17,356.75,14.31,1.08,0.6,3.87,3.45,,,,,,,,
2025-12-03 18:10:23,24.29,52.46,30.3,6.96,19.27,494,Aquatic,17.83,6.62,6.45,354.86,16.67,2.82,0.23,3.94,3.81,,,,,,,,
2025-12-03 19:10:23,22.31,67.73,17.46,6.44,22.84,716,Desert,,,,,,,,,,40.74,19.09,5.0,7.49,1.39,45.8,11.0,4.99
2025-12-03 20:10:23,22.16,33.61,51.2,7.07,19.35,409,Aquatic,23.95,6.99,6.93,313.39,17.09,3.25,0.47,2.89,10.75,,,,,,,,
2025-12-03 21:10:23,32.39,18.86,53.87,7.97,30.35,926,Desert,,,,,,,,,,23.59,5.16,6.0,7.49,5.8,78.0,24.0,3.79
2025-12-03 22:10:23,21.93,38.8,44.72,7.52,21.46,1041,Aquatic,21.95,5.02,7.37,362.35,9.53,2.27,0.43,2.66,10.65,,,,,,,,
2025-12-03 23:10:23,27.07,69.29,38.53,6.97,21.42,866,Aquatic,20.17,6.14,4.27,284.41,14.94,2.0,0.56,3.49,1.83,,,,,,,,
2025-12-04 00:10:23,31.85,63.9,45.39,7.76,8.09,634,Desert,,,,,,,,,,25.89,14.41,7.0,10.04,3.96,63.32,14.0,5.41
2025-12-04 01:10:23,28.71,66.12,22.25,7.95,22.97,136,Desert,,,,,,,,,,38.26,30.49,4.0,10.42,1.15,87.48,8.0,2.25
2025-12-04 02:10:23,25.11,47.85,24.14,7.51,33.14,123,Desert,,,,,,,,,,37.94,21.02,7.0,6.42,7.12,78.95,22.0,10.98
2025-12-04 03:10:23,30.07,48.72,53.8,7.94,8.52,707,Aquatic,25.68,7.37,3.71,371.42,16.57,0.83,0.56,0.66,7.83,,,,,,,,
2025-12-04 04:10:23,17.88,47.04,27.53,7.12,28.11,854,Desert,,,,,,,,,,37.36,17.22,7.0,7.31,5.32,60.69,30.0,-3.81
2025-12-04 05:10:23,18.85,93.6,39.23,7.33,24.83,760,Desert,,,,,,,,,,32.97,21.17,6.0,4.13,4.65,55.99,37.0,9.73
2025-12-04 06:10:23,23.02,51.41,31.88,6.97,11.29,523,Aquatic,21.5,6.05,3.98,295.4,13.83,1.62,0.18,3.9,6.54,,,,,,,,
2025-12-04 07:10:23,23.9,76.6,10.88,6.82,21.81,1191,Aquatic,19.13,5.07,5.82,266.95,16.59,2.0,0.7,2.56,5.99,,,,,,,,
2025-12-04 08:10:23,24.53,47.46,31.84,7.02,32.72,348,Aquatic,22.49,5.06,3.25,247.23,19.59,1.94,0.51,2.8,5.86,,,,,,,,
2025-12-04 09:10:23,34.4,70.82,49.6,6.62,25.07,847,Desert,,,,,,,,,,29.76,9.08,4.0,8.66,5.61,64.21,27.0,3.61
2025-12-04 10:10:23,33.44,33.87,55.39,6.96,27.93,1074,Aquatic,25.96,5.02,3.52,322.48,16.57,3.82,0.7,3.67,11.48,,,,,,,,
2025-12-04 11:10:23,24.81,42.6,9.89,8.13,33.97,307,Desert,,,,,,,,,,45.73,22.17,11.0,8.4,5.06,79.05,12.0,3.19
2025-12-04 12:10:23,26.28,55.5,21.2,7.37,22.56,371,Desert,,,,,,,,,,30.06,2.34,8.0,6.85,2.95,87.81,6.0,4.97
2025-12-04 13:10:23,20.47,41.59,32.95,6.92,32.05,958,Aquatic,23.14,4.95,1.95,299.1,17.87,2.73,0.24,2.97,8.8,,,,,,,,
2025-12-04 14:10:23,26.6,44.04,51.63,7.88,15.21,1181,Desert,,,,,,,,,,32.94,14.55,4.0,9.06,5.63,57.45,1.0,11.33
2025-12-04 15:10:23,18.29,47.78,54.34,7.74,18.28,913,Desert,,,,,,,,,,33.43,16.0,7.0,3.68,4.96,56.47,2.0,6.63
2025-12-04 16:10:23,32.0,42.08,58.69,6.47,36.7,838,Desert,,,,,,,,,,30.74,8.0,6.0,2.45,5.72,58.9,15.0,7.99
2025-12-04 17:10:23,22.41,73.51,59.84,6.66,35.96,219,Aquatic,26.27,4.64,5.36,325.05,15.11,1.89,0.46,2.96,3.3,,,,,,,,
2025-12-04 18:10:23,27.79,67.22,34.8,7.89,32.63,1067,Aquatic,25.75,6.74,3.1,334.22,10.03,3.17,0.68,1.98,15.56,,,,,,,,
2025-12-04 19:10:23,18.47,29.21,28.09,7.06,13.23,994,Desert,,,,,,,,,,32.3,22.33,7.0,8.65,4.37,77.3,29.0,2.57
2025-12-04 20:10:23,31.96,75.97,50.81,7.11,23.4,960,Aquatic,17.21,6.04,6.06,383.05,11.21,1.62,0.49,3.83,6.03,,,,,,,,
2025-12-04 21:10:23,28.06,49.67,36.81,6.75,18.13,553,Aquatic,19.49,3.14,6.29,272.43,14.31,2.12,0.7,3.78,7.57,,,,,,,,
2025-12-04 22:10:23,34.8,49.8,40.21,6.45,40.48,139,Aquatic,21.7,5.42,6.61,361.86,17.71,2.53,-0.02,2.06,11.21,,,,,,,,
2025-12-04 23:10:23,25.34,47.78,35.6,7.59,14.51,193,Aquatic,21.44,6.31,6.93,211.93,14.41,2.08,0.54,1.92,4.7,,,,,,,,
2025-12-05 00:10:23,16.9,63.4,35.19,6.6,15.1,1171,Desert,,,,,,,,,,43.17,12.91,8.0,7.46,5.15,74.61,0.0,3.07
2025-12-05 01:10:23,21.08,60.97,50.71,7.29,20.51,701,Desert,,,,,,,,,,41.66,19.61,8.0,4.97,6.21,91.23,4.0,13.36
2025-12-05 02:10:23,18.73,42.43,27.84,7.95,27.87,623,Desert,,,,,,,,,,38.66,11.27,10.0,6.84,3.28,80.53,0.0,1.5
2025-12-05 03:10:23,32.89,51.08,19.07,7.29,20.65,683,Aquatic,22.23,7.1,2.16,316.06,11.47,3.75,0.75,2.57,8.23,,,,,,,,
2025-12-05 04:10:23,21.88,30.66,31.51,6.91,22.89,199,Desert,,,,,,,,,,39.73,22.77,4.0,6.93,4.85,54.1,18.0,4.09
2025-12-05 05:10:23,21.24,78.19,41.02,7.33,27.65,354,Aquatic,22.05,6.93,6.96,411.06,14.76,2.12,0.9,1.96,8.74,,,,,,,,
2025-12-05 06:10:23,27.98,37.53,36.17,7.3,25.53,357,Desert,,,,,,,,,,43.64,19.24,6.0,10.04,5.87,85.41,0.0,7.9
2025-12-05 07:10:23,26.33,37.0,38.11,6.78,10.38,1137,Desert,,,,,,,,,,32.2,19.75,11.0,7.64,1.98,71.93,4.0,8.43
2025-12-05 08:10:23,27.47,39.58,16.11,7.15,15.34,364,Aquatic,24.48,5.0,6.12,304.18,15.43,1.52,0.38,3.53,7.81,,,,,,,,
2025-12-05 09:10:23,22.49,52.45,29.33,6.4,38.3,190,Aquatic,19.12,8.11,4.21,203.59,17.71,1.8,0.52,1.36,6.67,,,,,,,,
2025-12-05 10:10:23,15.01,61.63,52.54,6.13,25.71,513,Aquatic,26.39,4.97,4.36,429.12,8.84,2.34,0.72,1.88,6.4,,,,,,,,
2025-12-05 11:10:23,18.21,45.05,37.69,6.73,39.79,819,Aquatic,21.8,6.2,2.71,271.65,18.03,1.12,0.59,3.12,10.49,,,,,,,,
2025-12-05 12:10:23,14.02,50.78,31.62,6.12,36.95,952,Desert,,,,,,,,,,37.65,16.28,9.0,5.89,5.13,57.97,24.0,4.53
2025-12-05 13:10:23,31.41,45.3,53.09,6.69,34.18,960,Desert,,,,,,,,,,20.9,25.66,11.0,7.84,2.49,59.27,1.0,3.49
2025-12-05 14:10:23,29.55,69.77,32.98,6.95,25.92,1114,Aquatic,21.4,4.13,3.45,210.92,20.04,1.35,0.58,5.24,10.34,,,,,,,,
2025-12-05 15:10:23,23.13,53.86,48.61,7.1,37.62,193,Desert,,,,,,,,,,32.77,15.04,6.0,6.19,6.36,67.21,0.0,12.34
2025-12-05 16:10:23,28.12,24.95,42.19,7.95,21.83,548,Aquatic,18.98,4.87,5.62,282.78,18.8,2.37,0.45,1.8,8.26,,,,,,,,
2025-12-05 17:10:23,28.37,72.6,44.45,6.54,43.21,213,Aquatic,21.2,5.87,6.84,199.35,13.47,2.26,0.57,2.87,5.4,,,,,,,,
2025-12-05 18:10:23,28.19,55.49,51.95,6.77,30.18,462,Desert,,,,,,,,,,35.9,17.25,4.0,8.18,4.7,58.22,20.0,6.74
2025-12-05 19:10:23,27.66,79.4,66.4,6.77,30.26,308,Desert,,,,,,,,,,29.33,14.29,5.0,2.84,3.11,87.07,38.0,4.39
2025-12-05 20:10:23,29.42,41.26,54.77,6.49,22.49,360,Aquatic,21.26,5.97,2.61,257.57,16.08,2.06,0.0,3.88,8.45,,,,,,,,
2025-12-05 21:10:23,25.42,43.02,29.49,8.03,21.1,541,Desert,,,,,,,,,,29.74,14.16,6.0,10.63,4.56,95.17,17.0,8.41
2025-12-05 22:10:23,13.9,47.85,26.34,6.61,23.69,897,Aquatic,20.35,6.41,3.5,246.39,16.81,2.28,0.58,4.15,9.14,,,,,,,,
2025-12-05 23:10:23,11.16,29.37,35.67,6.88,21.59,744,Aquatic,23.92,6.68,4.97,301.65,17.45,1.22,0.81,3.15,4.73,,,,,,,,
2025-12-06 00:10:23,31.33,44.93,37.47,6.91,18.82,406,Aquatic,22.77,7.42,4.74,282.24,20.83,2.01,0.73,3.38,5.55,,,,,,,,
2025-12-06 01:10:23,27.99,69.37,47.84,8.24,17.2,216,Desert,,,,,,,,,,38.48,18.38,9.0,8.96,6.88,44.12,5.0,5.37
2025-12-06 02:10:23,12.43,61.04,39.9,6.84,27.33,899,Aquatic,20.55,6.19,0.74,303.02,14.12,1.83,0.84,1.94,7.25,,,,,,,,
2025-12-06 03:10:23,25.88,14.36,41.9,6.61,35.26,171,Desert,,,,,,,,,,34.39,22.2,4.0,7.9,4.93,70.05,5.0,6.23
2025-12-06 04:10:23,20.61,69.85,19.23,7.63,41.38,846,Aquatic,26.53,5.82,6.53,253.73,16.26,1.49,0.76,3.69,4.04,,,,,,,,
2025-12-06 05:10:23,22.26,55.92,38.91,6.66,31.93,624,Aquatic,18.55,7.33,6.21,230.85,17.36,2.12,0.7,2.2,7.17,,,,,,,,
2025-12-06 06:10:23,11.98,62.84,45.81,5.93,25.05,712,Desert,,,,,,,,,,34.85,22.29,11.0,4.82,4.07,69.34,3.0,8.82
